"Región","CP","domicilios","expedientes","Colonia","Delegación","renglon"
10,"01000",93,332,"San Ángel","Álvaro Obregón",1
10,"01010",92,452,"Los Alpes","Álvaro Obregón",1
6,"01020",161,925,"Guadalupe Inn","Álvaro Obregón",1
6,"01030",140,444,"Florida","Álvaro Obregón",1
6,"01030",0,0,"Axotla","Álvaro Obregón",2
6,"01040",8,15,"Campestre","Álvaro Obregón",1
10,"01048",2,6,"Las Águilas","Álvaro Obregón",1
10,"01049",6,14,"Tlacopac","Álvaro Obregón",1
6,"01050",35,172,"Ex-Hacienda de Guadalupe Chimalistac","Álvaro Obregón",1
10,"01060",15,49,"Altavista","Álvaro Obregón",1
10,"01060",0,0,"San Ángel Inn","Álvaro Obregón",2
6,"01070",27,83,"Chimalistac","Álvaro Obregón",1
10,"01080",8,13,"Progreso Tizapan","Álvaro Obregón",1
10,"01089",3,8,"Ermita Tizapan","Álvaro Obregón",1
10,"01090",99,322,"Loreto","Álvaro Obregón",1
10,"01090",0,0,"Tizapan","Álvaro Obregón",2
10,"01090",0,0,"La Otra Banda","Álvaro Obregón",3
9,"01110",5,8,"Ampliación El Capulín","Álvaro Obregón",1
9,"01110",0,0,"Belém de las Flores","Álvaro Obregón",2
9,"01110",0,0,"El Capulín","Álvaro Obregón",3
9,"01110",0,0,"Liberales de 1857","Álvaro Obregón",4
9,"01120",16,40,"Acueducto","Álvaro Obregón",1
9,"01120",0,0,"Cove","Álvaro Obregón",2
9,"01120",0,0,"Hidalgo","Álvaro Obregón",3
9,"01120",0,0,"Las Américas","Álvaro Obregón",4
9,"01130",6,22,"Molino de Santo Domingo","Álvaro Obregón",1
9,"01130",0,0,"Paraíso","Álvaro Obregón",2
9,"01130",0,0,"Real del Monte","Álvaro Obregón",3
9,"01130",0,0,"Molino de Santo Domingo","Álvaro Obregón",4
9,"01140",12,37,"José Maria Pino Suárez","Álvaro Obregón",1
9,"01140",0,0,"Bellavista","Álvaro Obregón",2
10,"01150",10,34,"Tolteca","Álvaro Obregón",1
10,"01150",0,0,"Cristo Rey","Álvaro Obregón",2
10,"01160",1,2,"Bosque","Álvaro Obregón",1
10,"01160",0,0,"Maria G. de García Ruiz","Álvaro Obregón",2
10,"01160",0,0,"Isidro Fabela","Álvaro Obregón",3
10,"01160",0,0,"1a Victoria","Álvaro Obregón",4
10,"01170",2,3,"Abraham M. González","Álvaro Obregón",1
10,"01170",0,0,"Santa Fe IMSS","Álvaro Obregón",2
10,"01180",72,274,"8 de Agosto","Álvaro Obregón",1
10,"01180",0,0,"San Pedro de los Pinos","Álvaro Obregón",2
10,"01180",0,0,"Carola","Álvaro Obregón",3
9,"01210",20,53,"Santa Fe","Álvaro Obregón",1
9,"01219",11,25,"Lomas de Santa Fe","Álvaro Obregón",1
10,"01220",5,12,"Cuevitas","Álvaro Obregón",1
10,"01220",0,0,"La Estrella","Álvaro Obregón",2
10,"01220",0,0,"Zenón Delgado","Álvaro Obregón",3
10,"01220",0,0,"Mártires de Tacubaya","Álvaro Obregón",4
10,"01220",0,0,"Bonanza","Álvaro Obregón",5
10,"01220",0,0,"El Cuernito","Álvaro Obregón",6
9,"01230",1,2,"Tlapechico","Álvaro Obregón",1
9,"01230",0,0,"Los Gamitos","Álvaro Obregón",2
9,"01230",0,0,"Campo de Tiro los Gamitos","Álvaro Obregón",3
9,"01230",0,0,"El Piru Santa Fe","Álvaro Obregón",4
9,"01230",0,0,"El Piru 2a Ampliación","Álvaro Obregón",5
10,"01240",2,4,"Pueblo Nuevo","Álvaro Obregón",1
10,"01250",1,1,"Margarita Maza de Juárez","Álvaro Obregón",1
10,"01250",0,0,"El Árbol","Álvaro Obregón",2
10,"01250",0,0,"Tecolalco","Álvaro Obregón",3
10,"01250",0,0,"Ladera","Álvaro Obregón",4
10,"01250",0,0,"Lomas de Nuevo México","Álvaro Obregón",5
10,"01259",1,1,"La Mexicana 2a Ampliación","Álvaro Obregón",1
10,"01259",0,0,"Ampliación La Cebada","Álvaro Obregón",2
10,"01260",5,13,"La Palmita","Álvaro Obregón",1
10,"01260",0,0,"La Mexicana","Álvaro Obregón",2
10,"01260",0,0,"Ampliación La Mexicana","Álvaro Obregón",3
10,"01260",0,0,"Calzada Jalalpa","Álvaro Obregón",4
10,"01260",0,0,"Liberación Proletaria","Álvaro Obregón",5
10,"01280",7,15,"La Joya","Álvaro Obregón",1
10,"01280",0,0,"Arvide","Álvaro Obregón",2
10,"01280",0,0,"El Pocito","Álvaro Obregón",3
10,"01280",0,0,"Francisco Villa","Álvaro Obregón",4
10,"01280",0,0,"Lomas de Becerra","Álvaro Obregón",5
10,"01290",2,6,"Piloto Adolfo López Mateos","Álvaro Obregón",1
10,"01290",0,0,"Presidentes","Álvaro Obregón",2
10,"01296",1,4,"Jalalpa Tepito","Álvaro Obregón",1
10,"01296",0,0,"Ampliación Jalalpa","Álvaro Obregón",2
10,"01296",0,0,"Jalalpa Tepito 2a Ampliación","Álvaro Obregón",3
10,"01298",4,14,"Ampliación Piloto Adolfo López Mateos","Álvaro Obregón",1
10,"01299",2,4,"2a Ampliación Presidentes","Álvaro Obregón",1
10,"01299",0,0,"1a Ampliación Presidentes","Álvaro Obregón",2
9,"01310",1,3,"San Gabriel","Álvaro Obregón",1
9,"01320",2,6,"Carlos A. Madrazo","Álvaro Obregón",1
9,"01330",33,167,"Paseo de las Lomas","Álvaro Obregón",1
9,"01340",1,3,"Bejero del Pueblo Santa Fe","Álvaro Obregón",1
9,"01376",315,1105,"Santa Fe La Loma","Álvaro Obregón",1
9,"01376",0,0,"Santa Fe Centro Ciudad","Álvaro Obregón",2
9,"01376",0,0,"Santa Fe","Álvaro Obregón",3
9,"01376",0,0,"Santa Fe Peña Blanca","Álvaro Obregón",4
10,"01377",1,3,"Jalalpa El Grande","Álvaro Obregón",1
10,"01400",14,31,"Olivar del Conde 1a Sección","Álvaro Obregón",1
10,"01400",0,0,"Preconcreto","Álvaro Obregón",2
10,"01408",9,18,"Olivar del Conde 2a Sección","Álvaro Obregón",1
10,"01410",2,3,"Barrio Norte","Álvaro Obregón",1
10,"01410",0,0,"Palmas","Álvaro Obregón",2
10,"01419",9,24,"Minas Cristo Rey","Álvaro Obregón",1
10,"01420",11,46,"Sacramento","Álvaro Obregón",1
10,"01420",0,0,"Santa María Nonoalco","Álvaro Obregón",2
10,"01430",5,6,"Colina del Sur","Álvaro Obregón",1
10,"01450",3,3,"Batallón de San Patricio","Álvaro Obregón",1
10,"01450",0,0,"Hogar y Redención","Álvaro Obregón",2
10,"01450",0,0,"Unidad Popular Emiliano Zapata","Álvaro Obregón",3
10,"01460",18,72,"Alfonso XIII","Álvaro Obregón",1
10,"01470",13,40,"Molino de Rosas","Álvaro Obregón",1
10,"01470",0,0,"Alfalfar","Álvaro Obregón",2
10,"01480",6,15,"Lomas de Plateros","Álvaro Obregón",1
10,"01490",5,6,"Torres de Mixcoac","Álvaro Obregón",1
10,"01490",0,0,"La Cascada","Álvaro Obregón",2
10,"01500",3,6,"Santa Lucía","Álvaro Obregón",1
10,"01500",0,0,"Miguel Gaona Armenta","Álvaro Obregón",2
10,"01510",5,10,"Garcimarrero","Álvaro Obregón",1
10,"01510",0,0,"Los Cedros","Álvaro Obregón",2
10,"01510",0,0,"La Araña","Álvaro Obregón",3
10,"01520",1,3,"Estado de Hidalgo","Álvaro Obregón",1
10,"01520",0,0,"Piru Santa Lucía","Álvaro Obregón",2
10,"01520",0,0,"Ampliación Los Pirules","Álvaro Obregón",3
10,"01520",0,0,"Ampliación Estado de Hidalgo","Álvaro Obregón",4
10,"01520",0,0,"El Politoco","Álvaro Obregón",5
10,"01550",2,6,"Tepeaca","Álvaro Obregón",1
10,"01550",0,0,"Rinconada Las Cuevitas","Álvaro Obregón",2
10,"01550",0,0,"Ampliación Tepeaca","Álvaro Obregón",3
10,"01588",70,73,"Tarango","Álvaro Obregón",1
10,"01590",1,3,"El Rincón","Álvaro Obregón",1
10,"01600",24,57,"Merced Gómez","Álvaro Obregón",1
10,"01619",7,41,"La Martinica","Álvaro Obregón",1
10,"01619",0,0,"Rinconada de Tarango","Álvaro Obregón",2
10,"01620",3,7,"Lomas de Tarango","Álvaro Obregón",1
10,"01645",1,1,"Ponciano Arriaga","Álvaro Obregón",1
10,"01700",14,26,"2a Del Moral del Pueblo Tetelpan","Álvaro Obregón",1
10,"01700",0,0,"Tetelpan","Álvaro Obregón",2
10,"01700",0,0,"Tecalcapa del Pueblo Tetelpan","Álvaro Obregón",3
10,"01700",0,0,"San Agustín del Pueblo Tetelpan","Álvaro Obregón",4
10,"01700",0,0,"La Joyita del Pueblo Tetelpan","Álvaro Obregón",5
10,"01700",0,0,"Ocotillos del Pueblo Tetelpan","Álvaro Obregón",6
10,"01710",34,81,"Ampliación Alpes","Álvaro Obregón",1
10,"01710",0,0,"Las Águilas","Álvaro Obregón",2
10,"01720",1,2,"Lomas de Guadalupe","Álvaro Obregón",1
10,"01729",1,3,"Alcantarilla","Álvaro Obregón",1
10,"01730",4,6,"Lomas de las Águilas","Álvaro Obregón",1
10,"01730",0,0,"Puente Colorado","Álvaro Obregón",2
10,"01740",13,44,"La Peñita del Pueblo Tetelpan","Álvaro Obregón",1
10,"01740",0,0,"San Clemente Norte","Álvaro Obregón",2
10,"01740",0,0,"San Clemente Sur","Álvaro Obregón",3
10,"01750",3,6,"Las Águilas 1a Sección","Álvaro Obregón",1
10,"01750",0,0,"Las Águilas 3er Parque","Álvaro Obregón",2
10,"01750",0,0,"Las Águilas 2o Parque","Álvaro Obregón",3
10,"01759",11,25,"Ampliación Las Águilas","Álvaro Obregón",1
10,"01760",11,38,"La Herradura del Pueblo Tetelpan","Álvaro Obregón",1
10,"01760",0,0,"Atlamaya","Álvaro Obregón",2
10,"01760",0,0,"Flor de María","Álvaro Obregón",3
10,"01770",2,6,"La Angostura","Álvaro Obregón",1
10,"01770",0,0,"San José del Olivar","Álvaro Obregón",2
10,"01780",20,58,"Tizampampano del Pueblo Tetelpan","Álvaro Obregón",1
10,"01780",0,0,"Olivar de los Padres","Álvaro Obregón",2
10,"01788",1,1,"El Olivarito","Álvaro Obregón",1
10,"01790",19,42,"Lomas de San Ángel Inn","Álvaro Obregón",1
10,"01790",0,0,"Lomas de los Ángeles del Pueblo Tetelpan","Álvaro Obregón",2
10,"01800",8,24,"San Bartolo Ameyalco","Álvaro Obregón",1
10,"01810",2,4,"Villa Verdún","Álvaro Obregón",1
10,"01820",7,12,"Ejido San Mateo","Álvaro Obregón",1
10,"01820",0,0,"Lomas Axomiatla","Álvaro Obregón",2
10,"01830",2,3,"Santa Rosa Xochiac","Álvaro Obregón",1
10,"01840",9,39,"Torres de Potrero","Álvaro Obregón",1
10,"01849",1,1,"Rincón de la Bolsa","Álvaro Obregón",1
10,"01849",0,0,"Rancho del Carmen del Pueblo San Bartolo Ameyalco","Álvaro Obregón",2
10,"01860",2,2,"Lomas de La Era","Álvaro Obregón",1
16,"01863",1,3,"Lomas del Capulín","Álvaro Obregón",1
10,"01900",132,426,"Jardines del Pedregal","Álvaro Obregón",1
10,"01904",9,14,"San Jerónimo Aculco","Álvaro Obregón",1
14,"02000",20,53,"Centro de Azcapotzalco","Azcapotzalco",1
14,"02010",6,20,"Los Reyes","Azcapotzalco",1
14,"02010",0,0,"Nuevo Barrio San Rafael","Azcapotzalco",2
14,"02010",0,0,"San Rafael","Azcapotzalco",3
14,"02020",26,74,"San Marcos","Azcapotzalco",1
14,"02020",0,0,"Santo Tomás","Azcapotzalco",2
14,"02040",10,34,"Del Maestro","Azcapotzalco",1
14,"02040",0,0,"San Sebastián","Azcapotzalco",2
14,"02050",9,25,"Santa María Malinalco","Azcapotzalco",1
14,"02050",0,0,"Libertad","Azcapotzalco",2
14,"02060",15,44,"Sindicato Mexicano de Electricistas","Azcapotzalco",1
14,"02060",0,0,"Un Hogar Para Cada Trabajador","Azcapotzalco",2
14,"02070",22,41,"Nextengo","Azcapotzalco",1
14,"02070",0,0,"Del Recreo","Azcapotzalco",2
14,"02080",82,335,"Clavería","Azcapotzalco",1
14,"02080",0,0,"Sector Naval","Azcapotzalco",2
14,"02090",9,15,"San Álvaro","Azcapotzalco",1
14,"02099",8,27,"Ángel Zimbrón","Azcapotzalco",1
14,"02100",16,27,"El Rosario","Azcapotzalco",1
14,"02120",24,51,"San Martín Xochinahuac","Azcapotzalco",1
14,"02128",1,1,"Nueva El Rosario","Azcapotzalco",1
14,"02129",1,2,"Nueva España","Azcapotzalco",1
14,"02130",2,4,"Tierra Nueva","Azcapotzalco",1
14,"02140",2,6,"Santa Inés","Azcapotzalco",1
14,"02150",5,18,"Pasteros","Azcapotzalco",1
14,"02160",3,12,"Santo Domingo","Azcapotzalco",1
14,"02200",5,19,"Reynosa Tamaulipas","Azcapotzalco",1
14,"02230",49,143,"Santa Bárbara","Azcapotzalco",1
14,"02240",1,2,"San Andrés","Azcapotzalco",1
14,"02240",0,0,"San Andrés","Azcapotzalco",2
14,"02250",8,21,"Santa Catarina","Azcapotzalco",1
14,"02300",186,704,"Industrial Vallejo","Azcapotzalco",1
14,"02310",2,7,"Ferrería","Azcapotzalco",1
14,"02320",1,4,"San Andrés de las Salinas","Azcapotzalco",1
14,"02330",1,1,"Huautla de las Salinas","Azcapotzalco",1
14,"02340",20,90,"Santa Cruz de las Salinas","Azcapotzalco",1
14,"02360",9,28,"Las Salinas","Azcapotzalco",1
14,"02400",11,21,"San Juan Tlihuaca","Azcapotzalco",1
14,"02410",4,11,"Prados del Rosario","Azcapotzalco",1
14,"02420",4,11,"Francisco Villa","Azcapotzalco",1
14,"02420",0,0,"Ex-Hacienda El Rosario","Azcapotzalco",2
14,"02430",2,4,"Presidente Madero","Azcapotzalco",1
14,"02440",9,26,"Providencia","Azcapotzalco",1
14,"02459",1,1,"Tezozomoc","Azcapotzalco",1
14,"02460",2,4,"La Preciosa","Azcapotzalco",1
14,"02470",7,20,"Ampliación Petrolera","Azcapotzalco",1
14,"02480",4,8,"Petrolera","Azcapotzalco",1
14,"02490",2,9,"San Mateo","Azcapotzalco",1
14,"02500",4,43,"Unidad Cuitlahuac","Azcapotzalco",1
14,"02519",5,15,"El Jagüey","Azcapotzalco",1
14,"02520",6,24,"Estación Pantaco","Azcapotzalco",1
14,"02530",6,17,"Jardín Azpeitia","Azcapotzalco",1
14,"02540",1,1,"Hogares Ferrocarrileros","Azcapotzalco",1
14,"02600",13,25,"Pro-Hogar","Azcapotzalco",1
14,"02630",20,64,"Coltongo","Azcapotzalco",1
14,"02630",0,0,"Coltongo","Azcapotzalco",2
14,"02650",3,4,"Trabajadores de Hierro","Azcapotzalco",1
14,"02660",1,4,"Euzkadi","Azcapotzalco",1
14,"02670",5,16,"Cosmopolita","Azcapotzalco",1
14,"02680",1,4,"Potrero del Llano","Azcapotzalco",1
14,"02700",10,18,"San Miguel Amantla","Azcapotzalco",1
14,"02710",6,12,"San Pedro Xalpa","Azcapotzalco",1
14,"02719",8,27,"Ampliación San Pedro Xalpa","Azcapotzalco",1
14,"02720",6,17,"San Antonio","Azcapotzalco",1
14,"02720",0,0,"San Bartolo Cahualtongo","Azcapotzalco",2
14,"02729",1,1,"Campo Encantado","Azcapotzalco",1
14,"02730",11,30,"San Francisco Tetecala","Azcapotzalco",1
14,"02750",5,8,"Santiago Ahuizotla","Azcapotzalco",1
14,"02750",0,0,"La Providencia","Azcapotzalco",2
14,"02760",28,106,"Santa Lucía","Azcapotzalco",1
14,"02760",0,0,"Industrial San Antonio","Azcapotzalco",2
14,"02770",14,239,"Santa Cruz Acayucan","Azcapotzalco",1
14,"02780",3,4,"Plenitud","Azcapotzalco",1
14,"02790",65,1871,"Santa Apolonia","Azcapotzalco",1
14,"02800",29,76,"Nueva Santa María","Azcapotzalco",1
14,"02810",9,41,"Victoria de las Democracias","Azcapotzalco",1
14,"02810",0,0,"Ignacio Allende","Azcapotzalco",2
14,"02830",5,30,"San Bernabé","Azcapotzalco",1
14,"02840",14,44,"Obrero Popular","Azcapotzalco",1
14,"02860",8,20,"Tlatilco","Azcapotzalco",1
14,"02870",9,16,"San Salvador Xochimanca","Azcapotzalco",1
14,"02900",4,10,"Aguilera","Azcapotzalco",1
14,"02920",1,3,"Ampliación Cosmopolita","Azcapotzalco",1
14,"02930",5,8,"Liberación","Azcapotzalco",1
1,"02940",1,4,"Porvenir","Azcapotzalco",1
14,"02950",3,8,"Del Gas","Azcapotzalco",1
14,"02960",6,19,"San Francisco Xocotitla","Azcapotzalco",1
14,"02970",21,94,"Ampliación Del Gas","Azcapotzalco",1
14,"02980",6,29,"Patrimonio Familiar","Azcapotzalco",1
14,"02980",0,0,"Arenal","Azcapotzalco",2
14,"02990",3,9,"La Raza","Azcapotzalco",1
7,"03000",40,166,"Piedad Narvarte","Benito Juárez",1
7,"03010",7,16,"Atenor Salas","Benito Juárez",1
7,"03020",160,511,"Narvarte Poniente","Benito Juárez",1
7,"03023",196,569,"Narvarte Oriente","Benito Juárez",1
8,"03100",323,1072,"Insurgentes San Borja","Benito Juárez",1
8,"03100",0,0,"Del Valle Centro","Benito Juárez",2
8,"03103",317,924,"Del Valle Norte","Benito Juárez",1
8,"03104",164,546,"Del Valle Sur","Benito Juárez",1
8,"03200",124,432,"Tlacoquemécatl","Benito Juárez",1
7,"03230",58,389,"Actipan","Benito Juárez",1
7,"03240",42,83,"Acacias","Benito Juárez",1
7,"03300",55,321,"Portales Sur","Benito Juárez",1
7,"03303",56,121,"Portales Norte","Benito Juárez",1
7,"03310",70,249,"Santa Cruz Atoyac","Benito Juárez",1
7,"03313",6,7,"Modulo Social las Flores","Benito Juárez",1
7,"03320",4,14,"Residencial Emperadores","Benito Juárez",1
7,"03330",47,158,"Xoco","Benito Juárez",1
7,"03340",14,77,"General Pedro María Anaya","Benito Juárez",1
7,"03400",115,343,"Álamos","Benito Juárez",1
7,"03410",7,17,"Postal","Benito Juárez",1
7,"03420",1,1,"Miguel Alemán","Benito Juárez",1
7,"03430",1,1,"Josefa Ortiz de Domínguez","Benito Juárez",1
7,"03440",6,12,"Niños Héroes","Benito Juárez",1
7,"03500",20,56,"Nativitas","Benito Juárez",1
7,"03510",26,69,"Moderna","Benito Juárez",1
7,"03520",8,14,"Iztaccihuatl","Benito Juárez",1
7,"03530",10,35,"Villa de Cortes","Benito Juárez",1
7,"03540",8,20,"Del Carmen","Benito Juárez",1
7,"03550",2,5,"Zacahuitzco","Benito Juárez",1
7,"03560",7,32,"Albert","Benito Juárez",1
7,"03570",15,32,"Portales Oriente","Benito Juárez",1
7,"03580",3,7,"Miravalle","Benito Juárez",1
7,"03590",2,9,"Ermita","Benito Juárez",1
7,"03600",61,168,"Vértiz Narvarte","Benito Juárez",1
7,"03610",12,29,"Américas Unidas","Benito Juárez",1
7,"03620",2,5,"Periodista","Benito Juárez",1
7,"03630",32,119,"Independencia","Benito Juárez",1
7,"03640",3,10,"Del Lago","Benito Juárez",1
7,"03650",57,211,"Letrán Valle","Benito Juárez",1
7,"03660",50,190,"San Simón Ticumac","Benito Juárez",1
7,"03700",56,292,"Santa María Nonoalco","Benito Juárez",1
8,"03710",47,139,"Ciudad de los Deportes","Benito Juárez",1
8,"03720",35,90,"Nochebuena","Benito Juárez",1
8,"03730",21,158,"San Juan","Benito Juárez",1
8,"03740",44,224,"Extremadura Insurgentes","Benito Juárez",1
8,"03800",93,291,"San Pedro de los Pinos","Benito Juárez",1
8,"03810",294,1050,"Nápoles","Benito Juárez",1
8,"03820",11,21,"8 de Agosto","Benito Juárez",1
8,"03840",85,216,"Ampliación Nápoles","Benito Juárez",1
7,"03900",188,501,"San José Insurgentes","Benito Juárez",1
7,"03910",33,125,"Mixcoac","Benito Juárez",1
7,"03920",92,259,"Insurgentes Mixcoac","Benito Juárez",1
7,"03930",20,114,"Merced Gómez","Benito Juárez",1
7,"03940",45,131,"Crédito Constructor","Benito Juárez",1
6,"04000",13,41,"Villa Coyoacán","Coyoacán",1
6,"04010",24,72,"Barrio Santa Catarina","Coyoacán",1
6,"04020",14,29,"Barrio La Concepción","Coyoacán",1
6,"04030",14,30,"Barrio San Lucas","Coyoacán",1
6,"04040",20,55,"Parque San Andrés","Coyoacán",1
6,"04100",65,172,"Del Carmen","Coyoacán",1
6,"04120",5,10,"San Diego Churubusco","Coyoacán",1
6,"04120",0,0,"San Mateo","Coyoacán",2
6,"04200",31,91,"Campestre Churubusco","Coyoacán",1
6,"04210",13,69,"Churubusco Country Club","Coyoacán",1
6,"04230",15,41,"Prado Churubusco","Coyoacán",1
6,"04240",1,3,"Hermosillo","Coyoacán",1
6,"04250",10,14,"Paseos de Taxqueña","Coyoacán",1
6,"04260",14,51,"San Francisco Culhuacán Barrio de San Juan","Coyoacán",1
6,"04260",0,0,"San Francisco Culhuacán Barrio de La Magdalena","Coyoacán",2
6,"04260",0,0,"San Francisco Culhuacán Barrio de Santa Ana","Coyoacán",3
6,"04260",0,0,"San Francisco Culhuacán Barrio de San Francisco","Coyoacán",4
6,"04300",24,73,"Ajusco","Coyoacán",1
6,"04310",33,131,"Romero de Terreros","Coyoacán",1
6,"04318",9,18,"Barrio Oxtopulco Universidad","Coyoacán",1
6,"04320",8,78,"Romero de Terreros","Coyoacán",1
6,"04320",0,0,"Cuadrante de San Francisco","Coyoacán",2
6,"04320",0,0,"Pedregal de San Francisco","Coyoacán",3
6,"04330",23,64,"Pueblo de los Reyes","Coyoacán",1
6,"04330",0,0,"Pedregal de Coyoacán","Coyoacán",2
6,"04330",0,0,"El Rosedal","Coyoacán",3
6,"04330",0,0,"Barrio del Niño Jesús","Coyoacán",4
6,"04340",6,10,"Copilco El Bajo","Coyoacán",1
6,"04340",0,0,"Copilco Universidad ISSSTE","Coyoacán",2
6,"04350",4,11,"Integración Latinoamericana","Coyoacán",1
6,"04350",0,0,"Villas Copilco","Coyoacán",2
6,"04350",0,0,"Copilco","Coyoacán",3
6,"04360",14,43,"Copilco El Alto","Coyoacán",1
6,"04360",0,0,"Copilco Universidad","Coyoacán",2
6,"04369",24,47,"Pedregal de Santo Domingo","Coyoacán",1
6,"04370",14,36,"Ciudad Jardín","Coyoacán",1
6,"04370",0,0,"Atlántida","Coyoacán",2
6,"04380",9,21,"Pueblo La Candelaria","Coyoacán",1
6,"04380",0,0,"El Rosario","Coyoacán",2
6,"04400",10,28,"Educación","Coyoacán",1
6,"04410",1,2,"Petrolera Taxqueña","Coyoacán",1
6,"04410",0,0,"Tlalpan FOVISSSTE","Coyoacán",2
6,"04420",17,59,"Ex-Ejido de San Francisco Culhuacán","Coyoacán",1
6,"04440",2,10,"Culhuacán CTM Sección II","Coyoacán",1
6,"04440",0,0,"Culhuacán CTM Sección I","Coyoacán",2
6,"04440",0,0,"Culhuacán CTM Sección V","Coyoacán",3
6,"04450",6,26,"El Centinela","Coyoacán",1
6,"04460",8,26,"Avante","Coyoacán",1
6,"04470",12,32,"Presidentes Ejidales 2a Sección","Coyoacán",1
6,"04470",0,0,"Presidentes Ejidales 1a Sección","Coyoacán",2
6,"04480",5,8,"Culhuacán CTM Sección VI","Coyoacán",1
6,"04480",0,0,"Culhuacán CTM Sección X-A","Coyoacán",2
6,"04480",0,0,"Culhuacán CTM Sección III","Coyoacán",3
6,"04480",0,0,"Culhuacán CTM CROC","Coyoacán",4
6,"04489",2,7,"Culhuacán CTM Sección VII","Coyoacán",1
6,"04500",11,25,"Jardines del Pedregal de San Ángel","Coyoacán",1
6,"04510",4,9,"Universidad Nacional Autónoma de México","Coyoacán",1
6,"04519",11,56,"La Otra Banda","Coyoacán",1
6,"04530",36,94,"Insurgentes Cuicuilco","Coyoacán",1
6,"04600",34,76,"Pedregal de Santa Úrsula","Coyoacán",1
6,"04610",12,26,"Xotepingo","Coyoacán",1
6,"04620",4,24,"Pueblo de San Pablo Tepetlapa","Coyoacán",1
6,"04630",1,3,"Adolfo Ruiz Cortínes","Coyoacán",1
6,"04640",3,8,"El Reloj","Coyoacán",1
6,"04650",16,59,"Pueblo de Santa Úrsula Coapa","Coyoacán",1
6,"04660",6,12,"Joyas del Pedregal","Coyoacán",1
6,"04660",0,0,"Pedregal de La Zorra","Coyoacán",2
6,"04700",20,53,"Pedregal de Carrasco","Coyoacán",1
6,"04710",2,5,"Olímpica","Coyoacán",1
6,"04730",24,54,"Cantil del Pedregal","Coyoacán",1
6,"04730",0,0,"Bosques de Tetlameya","Coyoacán",2
6,"04739",8,20,"El Caracol","Coyoacán",1
6,"04800",9,23,"Los Cedros","Coyoacán",1
6,"04800",0,0,"Alianza Popular Revolucionaria","Coyoacán",2
6,"04810",2,8,"Prados de Coyoacán","Coyoacán",1
6,"04815",2,5,"Emiliano Zapata","Coyoacán",1
6,"04830",9,40,"Los Cipreses","Coyoacán",1
6,"04840",1,2,"Ex-Ejido de San Pablo Tepetlapa","Coyoacán",1
6,"04870",5,16,"Espartaco","Coyoacán",1
6,"04890",7,18,"Jardines de Coyoacán","Coyoacán",1
6,"04890",0,0,"Los Olivos","Coyoacán",2
6,"04899",6,32,"El Parque de Coyoacán","Coyoacán",1
6,"04909",1,1,"Culhuacán CTM Sección IX-A","Coyoacán",1
6,"04909",0,0,"Culhuacán CTM Sección IX-B","Coyoacán",2
6,"04909",0,0,"Culhuacán CTM Sección VIII","Coyoacán",3
6,"04918",17,52,"Cafetales","Coyoacán",1
6,"04919",3,11,"Emiliano Zapata Fraccionamiento Popular","Coyoacán",1
6,"04920",8,43,"Los Girasoles","Coyoacán",1
6,"04929",2,4,"Las Campanas","Coyoacán",1
6,"04930",3,8,"Santa Cecilia","Coyoacán",1
6,"04938",1,9,"Campestre Coyoacán","Coyoacán",1
6,"04940",2,3,"Los Sauces","Coyoacán",1
6,"04950",6,21,"El Mirador","Coyoacán",1
6,"04960",2,2,"Villa Quietud","Coyoacán",1
6,"04970",7,9,"Haciendas de Coyoacán","Coyoacán",1
6,"04980",32,90,"Viejo Ejido de Santa Úrsula Coapa","Coyoacán",1
6,"04980",0,0,"Ex-Hacienda Coapa","Coyoacán",2
6,"04980",0,0,"Ex-Ejido de Santa Úrsula Coapa","Coyoacán",3
9,"05000",30,78,"Cuajimalpa","Cuajimalpa de Morelos",1
9,"05020",2,7,"Loma del Padre","Cuajimalpa de Morelos",1
9,"05030",2,5,"San Pedro","Cuajimalpa de Morelos",1
9,"05030",0,0,"La Manzanita","Cuajimalpa de Morelos",2
9,"05100",47,169,"Lomas de Vista Hermosa","Cuajimalpa de Morelos",1
9,"05110",3,6,"Cooperativa Palo Alto","Cuajimalpa de Morelos",1
9,"05118",19,44,"Granjas Palo Alto","Cuajimalpa de Morelos",1
9,"05119",28,92,"Campestre Palo Alto","Cuajimalpa de Morelos",1
9,"05120",207,580,"Bosques de las Lomas","Cuajimalpa de Morelos",1
9,"05129",35,309,"Lomas del Chamizal","Cuajimalpa de Morelos",1
9,"05200",7,19,"San José de los Cedros","Cuajimalpa de Morelos",1
9,"05214",4,9,"Club de Golf Bosques","Cuajimalpa de Morelos",1
9,"05219",7,16,"Granjas Navidad","Cuajimalpa de Morelos",1
9,"05240",4,11,"El Molino","Cuajimalpa de Morelos",1
9,"05260",12,55,"Jesús del Monte","Cuajimalpa de Morelos",1
9,"05270",7,11,"Manzanastitla","Cuajimalpa de Morelos",1
9,"05280",2,5,"Adolfo López Mateos","Cuajimalpa de Morelos",1
9,"05320",51,140,"El Yaqui","Cuajimalpa de Morelos",1
9,"05330",2,3,"Ampliación Memetla","Cuajimalpa de Morelos",1
9,"05330",0,0,"Lomas de Memetla","Cuajimalpa de Morelos",2
9,"05330",0,0,"Memetla","Cuajimalpa de Morelos",3
9,"05330",0,0,"Ampliación el Yaqui","Cuajimalpa de Morelos",4
9,"05348",323,1485,"Santa Fe Cuajimalpa","Cuajimalpa de Morelos",1
9,"05360",1,1,"Locaxco","Cuajimalpa de Morelos",1
9,"05370",2,6,"Las Tinajas","Cuajimalpa de Morelos",1
9,"05410",3,10,"1° de Mayo","Cuajimalpa de Morelos",1
9,"05410",0,0,"San Lorenzo Acopilco","Cuajimalpa de Morelos",2
9,"05500",4,7,"Contadero","Cuajimalpa de Morelos",1
9,"05530",3,5,"Abdías García Soto","Cuajimalpa de Morelos",1
9,"05600",14,33,"San Mateo Tlaltenango","Cuajimalpa de Morelos",1
9,"05619",1,1,"Prados de la Montaña","Cuajimalpa de Morelos",1
9,"05620",2,6,"Prados de la Montaña","Cuajimalpa de Morelos",1
11,"06000",242,718,"Centro (Área 1)","Cuauhtémoc",1
11,"06010",49,115,"Centro (Área 2)","Cuauhtémoc",1
11,"06020",85,285,"Centro (Área 3)","Cuauhtémoc",1
11,"06030",101,274,"Tabacalera","Cuauhtémoc",1
11,"06040",50,107,"Centro (Área 4)","Cuauhtémoc",1
11,"06050",73,219,"Centro (Área 5)","Cuauhtémoc",1
11,"06060",88,274,"Centro (Área 6)","Cuauhtémoc",1
11,"06070",46,142,"Centro (Área 7)","Cuauhtémoc",1
11,"06080",69,197,"Centro (Área 8)","Cuauhtémoc",1
11,"06090",77,191,"Centro (Área 9)","Cuauhtémoc",1
12,"06100",240,828,"Hipódromo","Cuauhtémoc",1
12,"06140",64,177,"Condesa","Cuauhtémoc",1
12,"06170",51,178,"Hipódromo Condesa","Cuauhtémoc",1
2,"06200",13,29,"Morelos","Cuauhtémoc",1
1,"06220",27,47,"Peralvillo","Cuauhtémoc",1
2,"06240",3,13,"Valle Gómez","Cuauhtémoc",1
1,"06250",13,30,"Ex-Hipódromo de Peralvillo","Cuauhtémoc",1
2,"06270",2,2,"Maza","Cuauhtémoc",1
2,"06280",3,6,"Felipe Pescador","Cuauhtémoc",1
11,"06300",39,102,"Guerrero","Cuauhtémoc",1
11,"06350",73,209,"Buenavista","Cuauhtémoc",1
11,"06400",81,263,"Santa María la Ribera","Cuauhtémoc",1
14,"06430",18,43,"Santa María Insurgentes","Cuauhtémoc",1
14,"06450",28,81,"Atlampa","Cuauhtémoc",1
11,"06470",109,414,"San Rafael","Cuauhtémoc",1
11,"06500",326,1117,"Cuauhtémoc","Cuauhtémoc",1
12,"06600",460,1700,"Juárez","Cuauhtémoc",1
12,"06700",546,2140,"Roma Norte","Cuauhtémoc",1
11,"06720",236,1142,"Doctores","Cuauhtémoc",1
12,"06760",180,625,"Roma Sur","Cuauhtémoc",1
2,"06780",2,4,"Buenos Aires","Cuauhtémoc",1
11,"06800",107,313,"Obrera","Cuauhtémoc",1
2,"06820",59,188,"Tránsito","Cuauhtémoc",1
2,"06840",10,33,"Esperanza","Cuauhtémoc",1
2,"06850",10,19,"Asturias","Cuauhtémoc",1
2,"06860",14,37,"Vista Alegre","Cuauhtémoc",1
2,"06870",8,13,"Paulino Navarro","Cuauhtémoc",1
2,"06880",29,75,"Algarín","Cuauhtémoc",1
2,"06890",16,48,"Ampliación Asturias","Cuauhtémoc",1
14,"06900",12,18,"Nonoalco Tlatelolco","Cuauhtémoc",1
14,"06920",18,593,"San Simón Tolnáhuac","Cuauhtémoc",1
1,"07000",6,9,"Aragón la Villa","Gustavo A. Madero",1
1,"07010",12,29,"Rosas del Tepeyac","Gustavo A. Madero",1
1,"07010",0,0,"Santa Isabel Tola","Gustavo A. Madero",2
1,"07010",0,0,"Tepetates","Gustavo A. Madero",3
1,"07020",26,69,"Tepeyac Insurgentes","Gustavo A. Madero",1
1,"07040",8,23,"Santiago Atzacoalco","Gustavo A. Madero",1
1,"07050",14,31,"Villa Gustavo A. Madero","Gustavo A. Madero",1
1,"07069",2,6,"Triunfo de La República","Gustavo A. Madero",1
1,"07070",8,16,"Dinamita","Gustavo A. Madero",1
1,"07070",0,0,"Martín Carrera","Gustavo A. Madero",2
1,"07070",0,0,"La Cruz","Gustavo A. Madero",3
1,"07089",3,4,"Ampliación Gabriel Hernández","Gustavo A. Madero",1
1,"07090",9,18,"C.T.M. Atzacoalco","Gustavo A. Madero",1
1,"07090",0,0,"C.T.M. El Risco","Gustavo A. Madero",2
16,"07100",4,12,"Cuautepec Barrio Alto","Gustavo A. Madero",1
16,"07100",0,0,"San Miguel","Gustavo A. Madero",2
16,"07119",2,4,"Malacates","Gustavo A. Madero",1
16,"07119",0,0,"Ampliación Malacates","Gustavo A. Madero",2
16,"07130",4,7,"Compositores Mexicanos","Gustavo A. Madero",1
16,"07130",0,0,"El Tepetatal","Gustavo A. Madero",2
16,"07140",1,1,"Forestal","Gustavo A. Madero",1
16,"07140",0,0,"Arboledas","Gustavo A. Madero",2
16,"07140",0,0,"Ampliación Arboledas","Gustavo A. Madero",3
16,"07140",0,0,"Forestal I","Gustavo A. Madero",4
16,"07150",1,4,"Juventino Rosas","Gustavo A. Madero",1
16,"07150",0,0,"La Casilda","Gustavo A. Madero",2
16,"07160",1,3,"Loma La Palma","Gustavo A. Madero",1
16,"07170",3,13,"Palmatitla","Gustavo A. Madero",1
16,"07180",4,13,"Cocoyotes","Gustavo A. Madero",1
16,"07180",0,0,"General Felipe Berriozabal","Gustavo A. Madero",2
16,"07180",0,0,"Ampliación Cocoyotes","Gustavo A. Madero",3
16,"07190",2,4,"Valle de Madero","Gustavo A. Madero",1
16,"07199",1,1,"Del Carmen","Gustavo A. Madero",1
16,"07200",6,23,"Cuautepec de Madero","Gustavo A. Madero",1
16,"07209",1,1,"Guadalupe Victoria Cuautepec","Gustavo A. Madero",1
16,"07210",2,3,"Chalma de Guadalupe","Gustavo A. Madero",1
16,"07230",16,30,"Zona Escolar","Gustavo A. Madero",1
16,"07239",1,2,"Zona Escolar Oriente","Gustavo A. Madero",1
16,"07268",2,3,"Solidaridad Nacional","Gustavo A. Madero",1
16,"07270",3,9,"Residencial Acueducto de Guadalupe","Gustavo A. Madero",1
16,"07279",4,10,"Acueducto de Guadalupe","Gustavo A. Madero",1
16,"07280",4,8,"Jorge Negrete","Gustavo A. Madero",1
16,"07290",2,6,"La Pastora","Gustavo A. Madero",1
1,"07300",101,268,"Lindavista Sur","Gustavo A. Madero",1
1,"07300",0,0,"Lindavista Norte","Gustavo A. Madero",2
1,"07320",18,42,"Residencial la Escalera","Gustavo A. Madero",1
1,"07320",0,0,"La Escalera","Gustavo A. Madero",2
1,"07320",0,0,"La Purísima Ticomán","Gustavo A. Madero",3
16,"07330",6,14,"Santa María Ticomán","Gustavo A. Madero",1
1,"07340",8,14,"San José Ticomán","Gustavo A. Madero",1
1,"07340",0,0,"La Laguna Ticomán","Gustavo A. Madero",2
16,"07350",1,2,"San Juan y Guadalupe Ticomán","Gustavo A. Madero",1
16,"07350",0,0,"Guadalupe Ticomán","Gustavo A. Madero",2
1,"07359",1,2,"San Rafael Ticomán","Gustavo A. Madero",1
1,"07360",6,15,"Juan de Dios Bátiz","Gustavo A. Madero",1
1,"07360",0,0,"San Pedro Zacatenco","Gustavo A. Madero",2
1,"07369",17,71,"Residencial Zacatenco","Gustavo A. Madero",1
1,"07370",15,26,"Capultitlan","Gustavo A. Madero",1
1,"07380",14,25,"Tlacamaca","Gustavo A. Madero",1
1,"07380",0,0,"Maximino Ávila Camacho","Gustavo A. Madero",2
1,"07400",2,7,"Salvador Díaz Mirón","Gustavo A. Madero",1
1,"07410",5,15,"Villa Hermosa","Gustavo A. Madero",1
1,"07410",0,0,"Juan González Romero","Gustavo A. Madero",2
1,"07420",7,20,"El Coyol","Gustavo A. Madero",1
1,"07420",0,0,"Nueva Atzacoalco","Gustavo A. Madero",2
1,"07430",1,1,"Del Obrero","Gustavo A. Madero",1
1,"07440",3,5,"Vasco de Quiroga","Gustavo A. Madero",1
1,"07450",6,22,"DM Nacional","Gustavo A. Madero",1
1,"07460",9,32,"Granjas Modernas","Gustavo A. Madero",1
1,"07469",3,7,"Constitución de La República","Gustavo A. Madero",1
1,"07470",13,46,"Ampliación San Juan de Aragón","Gustavo A. Madero",1
1,"07480",2,11,"San Pedro El Chico","Gustavo A. Madero",1
1,"07500",1,3,"La Pradera","Gustavo A. Madero",1
1,"07510",9,16,"San Felipe de Jesús","Gustavo A. Madero",1
1,"07520",8,17,"25 de Julio","Gustavo A. Madero",1
1,"07530",2,7,"Campestre Aragón","Gustavo A. Madero",1
1,"07550",7,17,"Providencia","Gustavo A. Madero",1
1,"07560",1,1,"Ampliación Providencia","Gustavo A. Madero",1
1,"07570",3,12,"Villa de Aragón","Gustavo A. Madero",1
1,"07580",4,7,"Ampliación Casas Alemán","Gustavo A. Madero",1
1,"07600",8,16,"Progreso Nacional","Gustavo A. Madero",1
1,"07620",12,35,"Santa Rosa","Gustavo A. Madero",1
1,"07630",12,37,"San José de la Escalera","Gustavo A. Madero",1
1,"07650",3,7,"Ampliación Progreso Nacional","Gustavo A. Madero",1
1,"07670",2,7,"Guadalupe Proletaria","Gustavo A. Madero",1
1,"07700",81,231,"Nueva Industrial Vallejo","Gustavo A. Madero",1
1,"07707",6,13,"Siete Maravillas","Gustavo A. Madero",1
1,"07708",1,1,"Torres Lindavista","Gustavo A. Madero",1
1,"07720",1,1,"Lindavista Vallejo I Sección","Gustavo A. Madero",1
1,"07730",15,37,"Montevideo","Gustavo A. Madero",1
1,"07730",0,0,"San Bartolo Atepehuacan","Gustavo A. Madero",2
1,"07730",0,0,"Churubusco Tepeyac","Gustavo A. Madero",3
1,"07740",1,3,"Valle del Tepeyac","Gustavo A. Madero",1
1,"07750",36,96,"Nueva Vallejo","Gustavo A. Madero",1
1,"07754",2,7,"Lindavista Vallejo III Sección","Gustavo A. Madero",1
1,"07755",2,8,"Lindavista Vallejo II Sección","Gustavo A. Madero",1
1,"07760",266,1008,"Magdalena de las Salinas","Gustavo A. Madero",1
1,"07780",14,40,"Defensores de La República","Gustavo A. Madero",1
1,"07780",0,0,"Héroe de Nacozari","Gustavo A. Madero",2
1,"07790",13,42,"Guadalupe Victoria","Gustavo A. Madero",1
1,"07790",0,0,"Vallejo Poniente","Gustavo A. Madero",2
1,"07800",38,106,"Industrial","Gustavo A. Madero",1
1,"07810",14,34,"Estrella","Gustavo A. Madero",1
1,"07820",8,14,"Aragón Inguarán","Gustavo A. Madero",1
1,"07820",0,0,"Tres Estrellas","Gustavo A. Madero",2
1,"07830",4,16,"Gertrudis Sánchez 1a Sección","Gustavo A. Madero",1
1,"07838",4,9,"Gertrudis Sánchez 3a Sección","Gustavo A. Madero",1
1,"07839",8,15,"Gertrudis Sánchez 2a Sección","Gustavo A. Madero",1
1,"07840",23,96,"7 de Noviembre","Gustavo A. Madero",1
1,"07840",0,0,"Guadalupe Tepeyac","Gustavo A. Madero",2
1,"07850",18,38,"Faja de Oro","Gustavo A. Madero",1
1,"07850",0,0,"Bondojito","Gustavo A. Madero",2
1,"07858",1,1,"Ampliación Emiliano Zapata","Gustavo A. Madero",1
1,"07859",3,12,"Ampliación Mártires de Río Blanco","Gustavo A. Madero",1
1,"07860",5,10,"La Joyita","Gustavo A. Madero",1
1,"07860",0,0,"Tablas de San Agustín","Gustavo A. Madero",2
1,"07869",1,1,"Belisario Domínguez","Gustavo A. Madero",1
1,"07870",59,177,"Vallejo","Gustavo A. Madero",1
1,"07870",0,0,"Guadalupe Insurgentes","Gustavo A. Madero",2
1,"07880",5,8,"Mártires de Río Blanco","Gustavo A. Madero",1
1,"07890",7,12,"La Joya","Gustavo A. Madero",1
1,"07890",0,0,"Nueva Tenochtitlán","Gustavo A. Madero",2
1,"07890",0,0,"Cuchilla La Joya","Gustavo A. Madero",3
1,"07900",7,22,"Cuchilla del Tesoro","Gustavo A. Madero",1
1,"07910",3,5,"San Juan de Aragón VII Sección","Gustavo A. Madero",1
1,"07918",6,15,"San Juan de Aragón VI Sección","Gustavo A. Madero",1
1,"07920",2,5,"San Juan de Aragón","Gustavo A. Madero",1
1,"07920",0,0,"El Olivo","Gustavo A. Madero",2
1,"07939",4,25,"Héroes de Chapultepec","Gustavo A. Madero",1
1,"07940",2,3,"Ex Ejido San Juan de Aragón Sector 33","Gustavo A. Madero",1
1,"07950",12,24,"San Juan de Aragón","Gustavo A. Madero",1
1,"07960",5,5,"Fernando Casas Alemán","Gustavo A. Madero",1
1,"07960",0,0,"Héroes de Cerro Prieto","Gustavo A. Madero",2
1,"07960",0,0,"Ex Escuela de Tiro","Gustavo A. Madero",3
1,"07969",16,56,"San Juan de Aragón I Sección","Gustavo A. Madero",1
1,"07969",0,0,"San Juan de Aragón II Sección","Gustavo A. Madero",2
1,"07970",9,29,"San Juan de Aragón III Sección","Gustavo A. Madero",1
1,"07979",9,24,"San Juan de Aragón IV Sección","Gustavo A. Madero",1
1,"07979",0,0,"San Juan de Aragón V Sección","Gustavo A. Madero",2
2,"08000",9,17,"Gabriel Ramos Millán Sección Bramadero","Iztacalco",1
2,"08010",2,4,"Ex-Ejido de La Magdalena Mixiuhca","Iztacalco",1
2,"08020",2,5,"Ampliación Gabriel Ramos Millán","Iztacalco",1
2,"08030",7,15,"Gabriel Ramos Millán Sección Cuchilla","Iztacalco",1
2,"08040",7,16,"Carlos Zapata Vela","Iztacalco",1
2,"08100",64,186,"Agrícola Pantitlán","Iztacalco",1
2,"08200",30,93,"Viaducto Piedad","Iztacalco",1
2,"08210",2,9,"Nueva Santa Anita","Iztacalco",1
2,"08220",8,30,"San Pedro","Iztacalco",1
2,"08230",12,34,"San Francisco Xicaltongo","Iztacalco",1
2,"08240",11,123,"Santiago Norte","Iztacalco",1
2,"08300",13,37,"Santa Anita","Iztacalco",1
2,"08310",12,41,"La Cruz","Iztacalco",1
2,"08320",1,1,"Fraccionamiento Coyuya","Iztacalco",1
2,"08400",151,531,"Granjas México","Iztacalco",1
2,"08420",2,24,"Cuchilla Agrícola Oriental","Iztacalco",1
2,"08500",102,248,"Agrícola Oriental","Iztacalco",1
2,"08510",5,12,"El Rodeo","Iztacalco",1
2,"08600",1,1,"La Asunción","Iztacalco",1
2,"08610",2,6,"Zapotla","Iztacalco",1
2,"08620",12,27,"Los Reyes","Iztacalco",1
2,"08650",2,5,"San Miguel","Iztacalco",1
2,"08700",5,8,"Juventino Rosas","Iztacalco",1
2,"08710",4,12,"Tlazintla","Iztacalco",1
2,"08720",3,7,"Gabriel Ramos Millán Sección Tlacotal","Iztacalco",1
2,"08730",1,1,"Gabriel Ramos Millán","Iztacalco",1
2,"08800",7,17,"Santiago Sur","Iztacalco",1
2,"08810",12,37,"Reforma Iztaccíhuatl Norte","Iztacalco",1
2,"08830",11,32,"Militar Marte","Iztacalco",1
2,"08840",4,7,"Reforma Iztaccíhuatl Sur","Iztacalco",1
2,"08900",6,12,"INFONAVIT Iztacalco","Iztacalco",1
2,"08910",1,1,"Santa Cruz","Iztacalco",1
2,"08920",1,3,"Jardines Tecma","Iztacalco",1
2,"08930",12,22,"Campamento 2 de Octubre","Iztacalco",1
3,"09000",54,164,"San Pedro","Iztapalapa",1
3,"09000",0,0,"Santa Bárbara","Iztapalapa",2
3,"09000",0,0,"La Asunción","Iztapalapa",3
3,"09000",0,0,"San José","Iztapalapa",4
3,"09000",0,0,"San Lucas","Iztapalapa",5
3,"09000",0,0,"San Ignacio","Iztapalapa",6
3,"09000",0,0,"San Pablo","Iztapalapa",7
3,"09010",1,3,"Real del Moral","Iztapalapa",1
3,"09020",24,76,"Dr. Alfonso Ortiz Tirado","Iztapalapa",1
3,"09030",13,30,"Paseos de Churubusco","Iztapalapa",1
3,"09040",122,293,"Paseos de Churubusco FOVISSSTE","Iztapalapa",1
3,"09040",0,0,"Central de Abasto","Iztapalapa",2
3,"09060",23,49,"Escuadrón 201","Iztapalapa",1
3,"09060",0,0,"Sector Popular","Iztapalapa",2
3,"09070",52,212,"Granjas de San Antonio","Iztapalapa",1
3,"09080",5,18,"Cacama","Iztapalapa",1
3,"09089",10,23,"Unidad Modelo","Iztapalapa",1
3,"09090",11,28,"Héroes de Churubusco","Iztapalapa",1
3,"09099",8,24,"Mexicaltzingo","Iztapalapa",1
3,"09100",39,93,"Juan Escutia","Iztapalapa",1
3,"09130",1,4,"San Lorenzo Xicotencatl","Iztapalapa",1
3,"09140",12,21,"Santa Martha Acatitla Norte","Iztapalapa",1
3,"09160",1,1,"Predio el Brillante","Iztapalapa",1
3,"09160",0,0,"Solidaridad","Iztapalapa",2
3,"09200",2,4,"Unidad Vicente Guerrero","Iztapalapa",1
3,"09208",7,18,"Chinampac de Juárez","Iztapalapa",1
3,"09209",5,18,"Renovación","Iztapalapa",1
3,"09210",16,49,"Tepalcates","Iztapalapa",1
3,"09230",2,5,"Álvaro Obregón","Iztapalapa",1
3,"09230",0,0,"El Paraíso","Iztapalapa",2
3,"09230",0,0,"Ejército de Oriente","Iztapalapa",3
3,"09230",0,0,"José María Morelos y Pavón","Iztapalapa",4
3,"09233",1,1,"Peñón Viejo","Iztapalapa",1
3,"09260",5,7,"Constitución de 1917","Iztapalapa",1
3,"09270",1,2,"Colonial Iztapalapa","Iztapalapa",1
3,"09280",5,15,"Jacarandas","Iztapalapa",1
3,"09290",7,14,"Santa Cruz Meyehualco","Iztapalapa",1
3,"09300",27,77,"Guadalupe del Moral","Iztapalapa",1
3,"09310",44,111,"Leyes de Reforma 1a Sección","Iztapalapa",1
3,"09310",0,0,"Leyes de Reforma 2a Sección","Iztapalapa",2
3,"09310",0,0,"Leyes de Reforma 3a Sección","Iztapalapa",3
3,"09319",70,332,"Cuchilla del Moral","Iztapalapa",1
3,"09360",26,48,"San Miguel","Iztapalapa",1
3,"09360",0,0,"Ampliación San Miguel","Iztapalapa",2
3,"09369",1,4,"Alborada","Iztapalapa",1
3,"09369",0,0,"Gama Gavilán","Iztapalapa",2
3,"09369",0,0,"El Gavilán","Iztapalapa",3
3,"09400",20,70,"San Juanico Nextipac","Iztapalapa",1
3,"09400",0,0,"El Sifón","Iztapalapa",2
3,"09410",14,26,"Aculco","Iztapalapa",1
3,"09410",0,0,"Magdalena Atlazolpa","Iztapalapa",2
3,"09410",0,0,"San José Aculco","Iztapalapa",3
3,"09410",0,0,"Jardines de Churubusco","Iztapalapa",4
3,"09420",13,67,"Nueva Rosita","Iztapalapa",1
3,"09420",0,0,"Los Picos VI-B","Iztapalapa",2
3,"09429",4,15,"Purísima Atlazolpa","Iztapalapa",1
3,"09430",29,74,"El Triunfo","Iztapalapa",1
3,"09430",0,0,"Apatlaco","Iztapalapa",2
3,"09438",2,4,"Ampliación El Triunfo","Iztapalapa",1
3,"09440",34,117,"San Andrés Tetepilco","Iztapalapa",1
3,"09440",0,0,"El Retoño","Iztapalapa",2
3,"09440",0,0,"Zacahuitzco","Iztapalapa",3
3,"09450",3,12,"Banjidal","Iztapalapa",1
3,"09460",10,24,"Justo Sierra","Iztapalapa",1
3,"09470",9,26,"Sinatel","Iztapalapa",1
3,"09479",4,5,"Ampliación Sinatel","Iztapalapa",1
3,"09480",9,17,"El Prado","Iztapalapa",1
3,"09500",26,66,"Santa María Aztahuacán","Iztapalapa",1
3,"09500",0,0,"Santa María Aztahuacán Ampliación","Iztapalapa",2
3,"09510",14,32,"Santa Martha Acatitla","Iztapalapa",1
3,"09520",2,2,"San Sebastián Tecoloxtitla","Iztapalapa",1
3,"09520",0,0,"El Edén","Iztapalapa",2
3,"09530",20,64,"Santa Martha Acatitla Sur","Iztapalapa",1
3,"09560",4,10,"Paraje Zacatepec","Iztapalapa",1
3,"09570",24,59,"Santa María Aztahuacán","Iztapalapa",1
3,"09578",7,21,"Ejército de Agua Prieta","Iztapalapa",1
3,"09600",2,6,"Santiago Acahualtepec","Iztapalapa",1
3,"09608",3,5,"Santiago Acahualtepec 1ra. Ampliación","Iztapalapa",1
3,"09609",6,16,"Santiago Acahualtepec 2a. Ampliación","Iztapalapa",1
3,"09620",3,12,"Lomas de Zaragoza","Iztapalapa",1
3,"09630",3,5,"San Miguel Teotongo Sección Guadalupe","Iztapalapa",1
3,"09630",0,0,"San Miguel Teotongo Sección Iztlahuaca","Iztapalapa",2
3,"09630",0,0,"San Miguel Teotongo Sección Palmitas","Iztapalapa",3
3,"09630",0,0,"San Miguel Teotongo Sección Rancho Bajo","Iztapalapa",4
3,"09630",0,0,"San Miguel Teotongo Sección Puente","Iztapalapa",5
3,"09630",0,0,"San Miguel Teotongo Sección Corrales","Iztapalapa",6
3,"09630",0,0,"San Miguel Teotongo Sección Avisadero","Iztapalapa",7
3,"09630",0,0,"San Miguel Teotongo Sección La Cruz","Iztapalapa",8
3,"09630",0,0,"San Miguel Teotongo Sección Loma Alta","Iztapalapa",9
3,"09630",0,0,"San Miguel Teotongo Sección Torres","Iztapalapa",10
3,"09630",0,0,"San Miguel Teotongo Sección Jardines","Iztapalapa",11
3,"09630",0,0,"San Miguel Teotongo Sección Ranchito","Iztapalapa",12
3,"09630",0,0,"San Miguel Teotongo Sección Capilla","Iztapalapa",13
3,"09630",0,0,"San Miguel Teotongo Sección Mercedes","Iztapalapa",14
3,"09630",0,0,"San Miguel Teotongo Sección Acorralado","Iztapalapa",15
3,"09637",2,3,"Campestre Potrero","Iztapalapa",1
3,"09640",1,3,"Lomas de la Estancia","Iztapalapa",1
3,"09640",0,0,"Xalpa","Iztapalapa",2
3,"09660",7,12,"Citlalli","Iztapalapa",1
3,"09670",2,4,"Palmitas","Iztapalapa",1
3,"09700",28,66,"Buenavista","Iztapalapa",1
3,"09700",0,0,"Santa Cruz Meyehualco","Iztapalapa",2
3,"09700",0,0,"Carlos Hank Gonzalez","Iztapalapa",3
3,"09700",0,0,"Desarrollo Urbano Quetzalcoatl","Iztapalapa",4
3,"09704",1,1,"Degollado","Iztapalapa",1
3,"09704",0,0,"Arboledas Zafiro","Iztapalapa",2
3,"09704",0,0,"Predio San Rafael","Iztapalapa",3
3,"09705",1,1,"Degollado - Mexicatlalli","Iztapalapa",1
3,"09705",0,0,"Predio Xaltepec","Iztapalapa",2
3,"09709",1,1,"Lomas de Santa Cruz","Iztapalapa",1
3,"09710",3,13,"Los Ángeles Apanoaya","Iztapalapa",1
3,"09720",13,39,"Francisco Villa","Iztapalapa",1
3,"09720",0,0,"La Era","Iztapalapa",2
3,"09730",7,12,"Reforma Política","Iztapalapa",1
3,"09740",3,7,"Presidentes de México","Iztapalapa",1
3,"09750",5,12,"La Polvorilla","Iztapalapa",1
3,"09750",0,0,"Las Peñas","Iztapalapa",2
3,"09750",0,0,"Insurgentes","Iztapalapa",3
3,"09760",5,7,"Consejo Agrarista Mexicano","Iztapalapa",1
3,"09770",1,1,"Puente Blanco","Iztapalapa",1
3,"09780",12,29,"Año de Juárez","Iztapalapa",1
3,"09780",0,0,"Lomas de San Lorenzo","Iztapalapa",2
3,"09790",8,18,"San Lorenzo Tezonco","Iztapalapa",1
3,"09800",12,27,"Estrella Culhuacán","Iztapalapa",1
3,"09800",0,0,"Fuego Nuevo","Iztapalapa",2
3,"09800",0,0,"San Antonio Culhuacán","Iztapalapa",3
3,"09800",0,0,"Predio Maravillas","Iztapalapa",4
3,"09800",0,0,"Barrio Tula","Iztapalapa",5
3,"09800",0,0,"Pueblo Culhuacán","Iztapalapa",6
3,"09800",0,0,"San Simón Culhuacán","Iztapalapa",7
3,"09800",0,0,"Barrio San Antonio Culhuacán","Iztapalapa",8
3,"09800",0,0,"Valle de Luces","Iztapalapa",9
3,"09800",0,0,"El Mirador","Iztapalapa",10
3,"09800",0,0,"San Marcos","Iztapalapa",11
3,"09809",1,2,"Valle de Luces","Iztapalapa",1
3,"09810",47,139,"Granjas Esmeralda","Iztapalapa",1
3,"09810",0,0,"Progreso del Sur","Iztapalapa",2
3,"09810",0,0,"Minerva","Iztapalapa",3
3,"09810",0,0,"Los Cipreses","Iztapalapa",4
3,"09819",14,32,"Valle del Sur","Iztapalapa",1
3,"09820",35,84,"La Mora Grande","Iztapalapa",1
3,"09820",0,0,"Santa Isabel Industrial","Iztapalapa",2
3,"09820",0,0,"Estrella del Sur","Iztapalapa",3
3,"09820",0,0,"El Santuario","Iztapalapa",4
3,"09820",0,0,"Ricardo Flores Magón","Iztapalapa",5
3,"09828",3,4,"Ampliación Ricardo Flores Magón","Iztapalapa",1
3,"09829",1,112,"Ampliación El Santuario","Iztapalapa",1
3,"09830",31,93,"Lomas El Manto","Iztapalapa",1
3,"09830",0,0,"El Molino","Iztapalapa",2
3,"09830",0,0,"Paraje San Juan","Iztapalapa",3
3,"09830",0,0,"Los Ángeles","Iztapalapa",4
3,"09830",0,0,"El Manto","Iztapalapa",5
3,"09837",7,25,"San Miguel 8va. Ampliación","Iztapalapa",1
3,"09838",1,3,"Plan de Iguala","Iztapalapa",1
3,"09839",1,3,"San Juan Joya","Iztapalapa",1
3,"09839",0,0,"Ampliación Paraje San Juan","Iztapalapa",2
3,"09840",9,23,"Los Reyes Culhuacán","Iztapalapa",1
3,"09849",1,3,"Ampliación Los Reyes","Iztapalapa",1
3,"09850",18,52,"Santa María del Monte","Iztapalapa",1
3,"09850",0,0,"San Juan Xalpa","Iztapalapa",2
3,"09850",0,0,"San Nicolás Tolentino","Iztapalapa",3
3,"09858",1,1,"Paraje San Juan Cerro","Iztapalapa",1
3,"09860",34,152,"Bellavista","Iztapalapa",1
3,"09860",0,0,"Ampliación Bellavista","Iztapalapa",2
3,"09860",0,0,"Sabadell Bellavista","Iztapalapa",3
3,"09860",0,0,"Casa Blanca","Iztapalapa",4
3,"09860",0,0,"El Rodeo","Iztapalapa",5
3,"09860",0,0,"Cerro de La Estrella","Iztapalapa",6
3,"09860",0,0,"Parque Nacional Cerro  de la Estrella","Iztapalapa",7
3,"09868",4,5,"San Juan Estrella","Iztapalapa",1
3,"09870",6,18,"San Andrés Tomatlán","Iztapalapa",1
3,"09870",0,0,"12 de Diciembre","Iztapalapa",2
3,"09870",0,0,"San Andrés Tomatlán","Iztapalapa",3
3,"09870",0,0,"Santa María Tomatlán","Iztapalapa",4
3,"09880",32,106,"Campestre Estrella","Iztapalapa",1
3,"09880",0,0,"Cooperativa de Trabajadores Sector Pesca","Iztapalapa",2
3,"09880",0,0,"El Vergel","Iztapalapa",3
3,"09880",0,0,"Granjas Estrella","Iztapalapa",4
3,"09889",4,10,"Rinconada Estrella","Iztapalapa",1
3,"09890",9,25,"Lomas Estrella","Iztapalapa",1
3,"09900",9,21,"San Lorenzo","Iztapalapa",1
3,"09900",0,0,"San Antonio","Iztapalapa",2
3,"09900",0,0,"Guadalupe","Iztapalapa",3
3,"09910",19,51,"Los Mirasoles","Iztapalapa",1
3,"09910",0,0,"La Esperanza","Iztapalapa",2
3,"09920",2,4,"José López Portillo","Iztapalapa",1
3,"09930",2,2,"El Rosario","Iztapalapa",1
3,"09940",1,1,"Jardines de San Lorenzo Tezonco","Iztapalapa",1
3,"09960",1,3,"USCOVI","Iztapalapa",1
3,"09960",0,0,"El Molino Tezonco","Iztapalapa",2
3,"09960",0,0,"Allapetlalli","Iztapalapa",3
3,"09960",0,0,"La Planta","Iztapalapa",4
3,"09960",0,0,"Celoalliotli","Iztapalapa",5
3,"09969",1,2,"Cananea","Iztapalapa",1
3,"09970",5,18,"Valle de San Lorenzo","Iztapalapa",1
3,"09979",1,1,"Carmen Serdán","Iztapalapa",1
10,"10000",7,22,"Lomas Quebradas","La Magdalena Contreras",1
10,"10200",81,196,"San Jerónimo Lídice","La Magdalena Contreras",1
10,"10320",1,2,"El Tanque","La Magdalena Contreras",1
10,"10330",2,4,"Las Cruces","La Magdalena Contreras",1
10,"10340",1,1,"Los Padres","La Magdalena Contreras",1
16,"10350",1,9,"Lomas de San Bernabé","La Magdalena Contreras",1
10,"10368",1,4,"Ampliación Potrerillo","La Magdalena Contreras",1
10,"10378",1,3,"Atacaxco","La Magdalena Contreras",1
10,"10379",1,1,"Vista Hermosa","La Magdalena Contreras",1
10,"10380",2,17,"Barros Sierra","La Magdalena Contreras",1
10,"10400",22,116,"San Jerónimo Aculco","La Magdalena Contreras",1
10,"10500",6,19,"Barrio San Francisco","La Magdalena Contreras",1
10,"10580",1,3,"Barranca Seca","La Magdalena Contreras",1
10,"10600",2,6,"El Rosal","La Magdalena Contreras",1
10,"10610",2,9,"El Toro","La Magdalena Contreras",1
10,"10640",5,9,"La Carbonera","La Magdalena Contreras",1
10,"10640",0,0,"Pueblo Nuevo Alto","La Magdalena Contreras",2
10,"10640",0,0,"Pueblo Nuevo Bajo","La Magdalena Contreras",3
10,"10700",14,23,"Héroes de Padierna","La Magdalena Contreras",1
10,"10710",3,7,"Santa Teresa","La Magdalena Contreras",1
16,"10720",1,3,"Pedregal 2","La Magdalena Contreras",1
10,"10800",1,4,"La Cruz","La Magdalena Contreras",1
10,"10900",20,31,"San Nicolás Totolapan","La Magdalena Contreras",1
10,"10910",3,3,"La Magdalena","La Magdalena Contreras",1
13,"11000",481,1680,"Lomas de Chapultepec I Sección","Miguel Hidalgo",1
13,"11000",0,0,"Lomas de Chapultepec III Sección","Miguel Hidalgo",2
13,"11000",0,0,"Lomas de Chapultepec II Sección","Miguel Hidalgo",3
13,"11000",0,0,"Lomas de Chapultepec VIII Sección","Miguel Hidalgo",4
13,"11000",0,0,"Lomas de Chapultepec VI Sección","Miguel Hidalgo",5
13,"11000",0,0,"Lomas de Chapultepec IV Sección","Miguel Hidalgo",6
13,"11000",0,0,"Lomas de Chapultepec V Sección","Miguel Hidalgo",7
13,"11000",0,0,"Lomas de Chapultepec VII Sección","Miguel Hidalgo",8
13,"11040",5,27,"Molino del Rey","Miguel Hidalgo",1
15,"11100",3,6,"Bosque de Chapultepec II Sección","Miguel Hidalgo",1
15,"11100",0,0,"Bosque de Chapultepec III Sección","Miguel Hidalgo",2
13,"11200",49,221,"Lomas Hermosa","Miguel Hidalgo",1
13,"11200",0,0,"Lomas de Sotelo","Miguel Hidalgo",2
13,"11210",7,26,"San Lorenzo Tlaltenango","Miguel Hidalgo",1
13,"11220",26,80,"Periodista","Miguel Hidalgo",1
13,"11220",0,0,"Hermanos Serdán","Miguel Hidalgo",2
13,"11230",22,91,"Argentina Poniente","Miguel Hidalgo",1
13,"11240",1,1,"Ignacio Manuel Altamirano","Miguel Hidalgo",1
13,"11250",18,48,"10 de Abril","Miguel Hidalgo",1
13,"11260",1,1,"México Nuevo","Miguel Hidalgo",1
13,"11260",0,0,"San Joaquín","Miguel Hidalgo",2
13,"11270",1,1,"Argentina Antigua","Miguel Hidalgo",1
13,"11280",7,28,"Torre Blanca","Miguel Hidalgo",1
13,"11289",10,29,"Ampliación Torre Blanca","Miguel Hidalgo",1
13,"11290",5,16,"San Diego Ocoyoacac","Miguel Hidalgo",1
13,"11290",0,0,"Huíchapan","Miguel Hidalgo",2
15,"11300",63,199,"Verónica Anzures","Miguel Hidalgo",1
13,"11310",7,16,"Mariano Escobedo","Miguel Hidalgo",1
13,"11320",105,444,"Anáhuac I Sección","Miguel Hidalgo",1
13,"11320",0,0,"Anáhuac II Sección","Miguel Hidalgo",2
13,"11330",2,4,"Un Hogar Para Nosotros","Miguel Hidalgo",1
13,"11340",1,3,"Santo Tomas","Miguel Hidalgo",1
13,"11350",2,7,"Plutarco Elías Calles","Miguel Hidalgo",1
13,"11360",10,22,"Agricultura","Miguel Hidalgo",1
13,"11370",5,29,"Tlaxpana","Miguel Hidalgo",1
13,"11400",27,88,"Popotla","Miguel Hidalgo",1
13,"11410",39,123,"Tacuba","Miguel Hidalgo",1
13,"11410",0,0,"Legaria","Miguel Hidalgo",2
13,"11420",6,33,"Nextitla","Miguel Hidalgo",1
13,"11430",5,18,"Pensil Norte","Miguel Hidalgo",1
13,"11430",0,0,"Ventura Pérez de Alva","Miguel Hidalgo",2
13,"11440",4,5,"San Juanico","Miguel Hidalgo",1
13,"11440",0,0,"Reforma Pensil","Miguel Hidalgo",2
13,"11450",26,197,"Modelo Pensil","Miguel Hidalgo",1
13,"11450",0,0,"Ahuehuetes Anáhuac","Miguel Hidalgo",2
13,"11450",0,0,"Peralitos","Miguel Hidalgo",3
13,"11460",9,27,"Lago Norte","Miguel Hidalgo",1
13,"11460",0,0,"Lago Sur","Miguel Hidalgo",2
13,"11460",0,0,"Dos Lagos","Miguel Hidalgo",3
13,"11460",0,0,"Los Manzanos","Miguel Hidalgo",4
13,"11470",5,11,"Deportivo Pensil","Miguel Hidalgo",1
13,"11470",0,0,"5 de Mayo","Miguel Hidalgo",2
13,"11479",2,5,"Unidad Legaria IMSS","Miguel Hidalgo",1
13,"11480",8,42,"Francisco I Madero","Miguel Hidalgo",1
13,"11480",0,0,"Popo","Miguel Hidalgo",2
13,"11489",2,8,"Ampliación Popo","Miguel Hidalgo",1
13,"11490",11,32,"Pensil Sur","Miguel Hidalgo",1
13,"11490",0,0,"Cuauhtémoc Pensil","Miguel Hidalgo",2
13,"11500",61,206,"Irrigación","Miguel Hidalgo",1
15,"11510",131,500,"Polanco I Sección","Miguel Hidalgo",1
15,"11520",256,801,"Granada","Miguel Hidalgo",1
15,"11529",142,604,"Ampliación Granada","Miguel Hidalgo",1
15,"11530",121,435,"Polanco II Sección","Miguel Hidalgo",1
15,"11540",136,683,"Polanco III Sección","Miguel Hidalgo",1
15,"11550",156,484,"Polanco IV Sección","Miguel Hidalgo",1
15,"11560",384,1265,"Polanco V Sección","Miguel Hidalgo",1
15,"11580",24,54,"Bosque de Chapultepec I Sección","Miguel Hidalgo",1
15,"11590",195,693,"Anzures","Miguel Hidalgo",1
13,"11600",3,10,"Residencial Militar","Miguel Hidalgo",1
13,"11619",14,73,"Campo Militar 1","Miguel Hidalgo",1
13,"11650",31,89,"Reforma Social","Miguel Hidalgo",1
13,"11700",96,272,"Bosque de las Lomas","Miguel Hidalgo",1
13,"11800",150,420,"Escandón I Sección","Miguel Hidalgo",1
13,"11800",0,0,"Escandón II Sección","Miguel Hidalgo",2
13,"11810",12,46,"16 de Septiembre","Miguel Hidalgo",1
13,"11820",3,7,"América","Miguel Hidalgo",1
13,"11830",8,26,"Daniel Garza","Miguel Hidalgo",1
13,"11840",13,47,"Ampliación Daniel Garza","Miguel Hidalgo",1
13,"11850",111,383,"San Miguel Chapultepec I Sección","Miguel Hidalgo",1
13,"11850",0,0,"San Miguel Chapultepec II Sección","Miguel Hidalgo",2
13,"11860",8,22,"Observatorio","Miguel Hidalgo",1
13,"11870",26,62,"Tacubaya","Miguel Hidalgo",1
13,"11910",22,59,"Lomas de Bezares","Miguel Hidalgo",1
13,"11920",2,2,"Real de las Lomas","Miguel Hidalgo",1
13,"11930",2,4,"Lomas de Reforma","Miguel Hidalgo",1
13,"11950",45,237,"Lomas Altas","Miguel Hidalgo",1
16,"12000",6,15,"La Concepción","Milpa Alta",1
16,"12000",0,0,"La Luz","Milpa Alta",2
16,"12000",0,0,"San Mateo","Milpa Alta",3
16,"12000",0,0,"Santa Cruz","Milpa Alta",4
16,"12000",0,0,"Santa Martha","Milpa Alta",5
16,"12000",0,0,"Los Ángeles","Milpa Alta",6
16,"12000",0,0,"Villa Milpa Alta Centro","Milpa Alta",7
16,"12100",1,6,"Cruztitla","Milpa Alta",1
16,"12100",0,0,"Tecaxtitla","Milpa Alta",2
16,"12100",0,0,"Tenantitla","Milpa Alta",3
16,"12100",0,0,"Xochitepec","Milpa Alta",4
16,"12100",0,0,"Xaltipac","Milpa Alta",5
16,"12200",2,6,"Tula","Milpa Alta",1
16,"12200",0,0,"Nochtla","Milpa Alta",2
16,"12200",0,0,"Ocotitla","Milpa Alta",3
16,"12200",0,0,"Panchimalco","Milpa Alta",4
16,"12300",1,1,"San Salvador Cuauhtenco","Milpa Alta",1
16,"12400",1,1,"Centro","Milpa Alta",1
16,"12400",0,0,"San Juan","Milpa Alta",2
16,"12400",0,0,"San Miguel","Milpa Alta",3
16,"13000",2,7,"La Asunción","Tláhuac",1
16,"13010",3,7,"Santa Cecilia","Tláhuac",1
16,"13040",1,1,"San Mateo","Tláhuac",1
16,"13050",1,2,"La Habana","Tláhuac",1
16,"13060",1,1,"Santa Ana","Tláhuac",1
16,"13060",0,0,"Hombres de la Reforma","Tláhuac",2
16,"13060",0,0,"La Guadalupe","Tláhuac",3
16,"13070",3,9,"La Magdalena","Tláhuac",1
16,"13070",0,0,"San Miguel","Tláhuac",2
16,"13093",2,3,"San Sebastián","Tláhuac",1
16,"13094",3,10,"San Isidro","Tláhuac",1
16,"13100",2,3,"El Mirador","Tláhuac",1
16,"13100",0,0,"La Guadalupe","Tláhuac",2
16,"13120",4,16,"Santiago","Tláhuac",1
16,"13120",0,0,"Ampliación Santa Catarina","Tláhuac",2
16,"13150",1,1,"La Concepción","Tláhuac",1
16,"13180",1,1,"San Miguel","Tláhuac",1
16,"13200",4,7,"Miguel Hidalgo","Tláhuac",1
16,"13210",9,27,"Los Olivos","Tláhuac",1
16,"13219",15,31,"Ampliación Los Olivos","Tláhuac",1
16,"13219",0,0,"Las Arboledas","Tláhuac",2
16,"13220",7,29,"La Nopalera","Tláhuac",1
16,"13230",1,4,"Granjas Cabrera","Tláhuac",1
16,"13250",1,3,"La Turba","Tláhuac",1
16,"13270",11,30,"Del Mar","Tláhuac",1
16,"13273",3,20,"La Draga","Tláhuac",1
16,"13278",1,3,"Villas Trabajadores del Gobierno del Distrito Federal","Tláhuac",1
16,"13278",0,0,"Villa Centroamericana","Tláhuac",2
16,"13300",14,22,"Santa Ana Norte","Tláhuac",1
16,"13300",0,0,"Santiago Centro","Tláhuac",2
16,"13300",0,0,"Santa Ana Poniente","Tláhuac",3
16,"13300",0,0,"Santa Ana Centro","Tláhuac",4
16,"13300",0,0,"Santiago Norte","Tláhuac",5
16,"13310",1,1,"Zapotitla","Tláhuac",1
16,"13360",7,21,"La Conchita Zapotitlán","Tláhuac",1
16,"13360",0,0,"Santa Ana Sur","Tláhuac",2
16,"13360",0,0,"Santiago Sur","Tláhuac",3
16,"13400",8,19,"San Francisco Tlaltenco","Tláhuac",1
16,"13410",1,2,"López Portillo","Tláhuac",1
16,"13410",0,0,"La Orilla","Tláhuac",2
16,"13419",1,2,"Ampliación José López Portillo","Tláhuac",1
16,"13420",9,29,"Selene","Tláhuac",1
16,"13430",2,8,"Ampliación Selene","Tláhuac",1
16,"13440",9,18,"Zacatenco","Tláhuac",1
16,"13450",3,7,"Guadalupe Tlaltenco","Tláhuac",1
16,"13450",0,0,"Ojo de Agua","Tláhuac",2
16,"13508",2,2,"La Soledad","Tláhuac",1
16,"13508",0,0,"San Agustín","Tláhuac",2
16,"13625",1,5,"Santa Cruz","Tláhuac",1
16,"13640",1,1,"San Miguel","Tláhuac",1
16,"13700",1,1,"San Nicolás Tetelco","Tláhuac",1
16,"13700",0,0,"Tepantitlamilco","Tláhuac",2
5,"14000",38,102,"Tlalpan Centro","Tlalpan",1
5,"14000",0,0,"Tlalpan","Tlalpan",2
5,"14010",21,43,"Parque del Pedregal","Tlalpan",1
5,"14020",31,107,"Villa Olímpica","Tlalpan",1
5,"14030",9,24,"Isidro Fabela","Tlalpan",1
5,"14038",2,7,"Zapote 1","Tlalpan",1
5,"14038",0,0,"Luis Donaldo Colosio","Tlalpan",2
5,"14040",1,2,"Cantera Puente de Piedra","Tlalpan",1
5,"14040",0,0,"Pueblo Quieto","Tlalpan",2
5,"14050",26,87,"Toriello Guerra","Tlalpan",1
5,"14060",18,56,"Peña Pobre","Tlalpan",1
5,"14070",3,9,"Paseos de Mendoza","Tlalpan",1
5,"14070",0,0,"San Pedro Apóstol","Tlalpan",2
5,"14070",0,0,"Rómulo Sánchez Mireles","Tlalpan",3
5,"14070",0,0,"Barrio San Fernando","Tlalpan",4
6,"14080",14,33,"Barrio del Niño Jesús","Tlalpan",1
6,"14080",0,0,"Belisario Domínguez Sección XVI","Tlalpan",2
5,"14090",11,29,"La Joya","Tlalpan",1
5,"14100",13,25,"Pedregal de San Nicolás 1A Sección","Tlalpan",1
5,"14100",0,0,"Pedregal de San Nicolás 3A Sección","Tlalpan",2
5,"14100",0,0,"Pedregal de San Nicolás 4A Sección","Tlalpan",3
5,"14100",0,0,"Pedregal de San Nicolás 2A Sección","Tlalpan",4
5,"14100",0,0,"Pedregal de San Nicolás 5A Sección","Tlalpan",5
5,"14110",20,83,"Pedregal del Lago","Tlalpan",1
5,"14110",0,0,"Ampliación Fuentes del Pedregal","Tlalpan",2
5,"14140",7,29,"Fuentes del Pedregal","Tlalpan",1
5,"14150",3,8,"Lomas del Pedregal Framboyanes","Tlalpan",1
5,"14160",4,9,"Popular Santa Teresa","Tlalpan",1
5,"14200",23,44,"Héroes de Padierna","Tlalpan",1
5,"14200",0,0,"Jardines del Ajusco","Tlalpan",2
5,"14208",8,16,"Colinas del Ajusco","Tlalpan",1
5,"14209",1,1,"Torres de Padierna","Tlalpan",1
5,"14210",60,158,"Jardines en la Montaña","Tlalpan",1
5,"14219",6,12,"Six Flags (Reino Aventura)","Tlalpan",1
5,"14219",0,0,"Parque Nacional Bosque del Pedregal","Tlalpan",2
5,"14220",2,5,"Cuchilla de Padierna","Tlalpan",1
5,"14220",0,0,"Lomas del Pedregal","Tlalpan",2
5,"14240",7,19,"Lomas de Padierna","Tlalpan",1
5,"14240",0,0,"Lomas Hidalgo","Tlalpan",2
5,"14250",21,53,"Miguel Hidalgo 2A Sección","Tlalpan",1
5,"14250",0,0,"Miguel Hidalgo 3A Sección","Tlalpan",2
5,"14250",0,0,"Miguel Hidalgo 4A Sección","Tlalpan",3
5,"14250",0,0,"Miguel Hidalgo","Tlalpan",4
5,"14267",4,9,"Barrio de Caramagüey","Tlalpan",1
5,"14268",2,5,"Barrio La Lonja","Tlalpan",1
5,"14269",91,122,"Barrio La Fama","Tlalpan",1
5,"14270",1,3,"Primavera","Tlalpan",1
5,"14275",2,10,"Paraje 38","Tlalpan",1
6,"14300",16,36,"Residencial Acoxpa","Tlalpan",1
6,"14300",0,0,"Residencial Miramontes","Tlalpan",2
6,"14300",0,0,"Nueva Oriental Coapa","Tlalpan",3
6,"14307",1,1,"Villa del Sur","Tlalpan",1
6,"14310",3,15,"Vergel Tlalpan","Tlalpan",1
6,"14310",0,0,"Belisario Domínguez","Tlalpan",2
6,"14310",0,0,"Floresta Coyoacán","Tlalpan",3
6,"14320",4,12,"Vergel Coapa","Tlalpan",1
6,"14325",2,2,"Rinconada Coapa 2A Sección","Tlalpan",1
6,"14326",5,7,"Tenorios","Tlalpan",1
6,"14328",54,66,"Lotería Nacional","Tlalpan",1
6,"14328",0,0,"Villa Valbadena","Tlalpan",2
6,"14330",9,49,"Residencial Hacienda Coapa","Tlalpan",1
6,"14330",0,0,"Granjas Coapa","Tlalpan",2
6,"14330",0,0,"Rinconada Coapa 1A Sección","Tlalpan",3
6,"14334",1,2,"Sauzales Cebadales","Tlalpan",1
6,"14336",1,8,"Villa Cuemanco INFONAVIT","Tlalpan",1
6,"14337",1,4,"Urbano Coapa","Tlalpan",1
5,"14338",1,1,"Fuerza Armada de México","Tlalpan",1
5,"14338",0,0,"FOVISSSTE Periférico","Tlalpan",2
6,"14340",15,47,"Vergel de Coyoacán","Tlalpan",1
6,"14340",0,0,"Vergel del Sur","Tlalpan",2
6,"14357",11,38,"Prado Coapa 2A Sección","Tlalpan",1
6,"14357",0,0,"Prado Coapa 3A Sección","Tlalpan",2
6,"14360",10,31,"Magisterial","Tlalpan",1
6,"14360",0,0,"Villa Cuemanco","Tlalpan",2
6,"14360",0,0,"Magisterial Coapa","Tlalpan",3
6,"14370",31,90,"Villa Lázaro Cárdenas","Tlalpan",1
6,"14370",0,0,"San Lorenzo Huipulco","Tlalpan",2
6,"14370",0,0,"Residencial Chimali","Tlalpan",3
6,"14370",0,0,"Hacienda de San Juan de Tlalpan 2a Sección","Tlalpan",4
6,"14376",6,9,"Arboledas del Sur","Tlalpan",1
6,"14380",4,16,"A.M.S.A","Tlalpan",1
6,"14380",0,0,"San Bartolo El Chico","Tlalpan",2
6,"14387",4,17,"Ex Hacienda San Juan de Dios","Tlalpan",1
6,"14389",2,9,"Arenal de Guadalupe","Tlalpan",1
6,"14390",24,60,"Rinconada Las Hadas","Tlalpan",1
6,"14390",0,0,"Narciso Mendoza","Tlalpan",2
6,"14390",0,0,"Residencial Villa Coapa","Tlalpan",3
6,"14390",0,0,"Villa Coapa","Tlalpan",4
5,"14408",1,5,"Nuevo Renacimiento de Axalco","Tlalpan",1
5,"14400",7,12,"San Andrés Totoltepec","Tlalpan",1
5,"14410",2,5,"Fuentes Brotantes","Tlalpan",1
5,"14420",14,41,"Cumbres de Tepetongo","Tlalpan",1
5,"14420",0,0,"Santa Úrsula Xitla","Tlalpan",2
5,"14420",0,0,"Mesa de los Hornos","Tlalpan",3
5,"14427",2,6,"San Juan Tepeximilpa","Tlalpan",1
5,"14427",0,0,"Tepeximilpa la Paz","Tlalpan",2
5,"14429",1,2,"Santísima Trinidad","Tlalpan",1
5,"14430",1,1,"Tlalcoligia","Tlalpan",1
5,"14430",0,0,"Barrio El Truenito","Tlalpan",2
5,"14439",1,3,"Pedregal de las Águilas","Tlalpan",1
5,"14460",1,8,"Tlalpuente","Tlalpan",1
5,"14480",2,6,"La Magdalena Petlacalco","Tlalpan",1
5,"14490",1,1,"San Miguel Xicalco","Tlalpan",1
5,"14520",2,4,"La Quinta","Tlalpan",1
5,"14550",2,4,"Estrella Mora","Tlalpan",1
5,"14600",4,10,"Valle Escondido","Tlalpan",1
5,"14608",1,1,"Colinas del Bosque","Tlalpan",1
6,"14610",4,12,"Arenal Tepepan","Tlalpan",1
5,"14620",3,10,"Club de Golf México","Tlalpan",1
5,"14630",9,14,"Villa Tlalpan","Tlalpan",1
5,"14630",0,0,"Chimalcoyoc","Tlalpan",2
5,"14640",1,3,"Ejidos de San Pedro Mártir","Tlalpan",1
5,"14643",3,11,"Fuentes de Tepepan","Tlalpan",1
5,"14650",20,70,"San Pedro Mártir","Tlalpan",1
5,"14653",1,2,"Heróico Colegio Militar","Tlalpan",1
5,"14654",2,2,"La Magueyera","Tlalpan",1
5,"14654",0,0,"Dolores Tlali","Tlalpan",2
5,"14659",2,2,"María Esther Zuno de Echeverría","Tlalpan",1
5,"14700",3,8,"San Miguel Ajusco","Tlalpan",1
5,"14710",2,3,"Santo Tomas Ajusco","Tlalpan",1
16,"14734",2,4,"Zacatón","Tlalpan",1
5,"14749",1,3,"Chimilli","Tlalpan",1
2,"15000",12,31,"General Ignacio Zaragoza","Venustiano Carranza",1
2,"15010",4,5,"Valentín Gómez Farias","Venustiano Carranza",1
2,"15020",10,31,"Puebla","Venustiano Carranza",1
2,"15100",39,92,"Zona Centro","Venustiano Carranza",1
2,"15200",1,1,"Janitzio","Venustiano Carranza",1
2,"15210",5,11,"Valle Gómez","Venustiano Carranza",1
2,"15220",3,17,"Nicolás Bravo","Venustiano Carranza",1
2,"15220",0,0,"Popular Rastro","Venustiano Carranza",2
2,"15230",1,1,"Emilio Carranza","Venustiano Carranza",1
2,"15270",5,12,"Morelos","Venustiano Carranza",1
2,"15290",1,3,"10 de Mayo","Venustiano Carranza",1
2,"15300",10,24,"20 de Noviembre","Venustiano Carranza",1
2,"15309",9,45,"5o Tramo 20 de Noviembre","Venustiano Carranza",1
2,"15310",3,11,"Felipe Ángeles","Venustiano Carranza",1
2,"15320",1,2,"Azteca","Venustiano Carranza",1
2,"15340",1,2,"Venustiano Carranza","Venustiano Carranza",1
2,"15350",4,8,"Ampliación Penitenciaria","Venustiano Carranza",1
2,"15370",1,10,"Progresista","Venustiano Carranza",1
2,"15380",2,4,"Escuela de Tiro","Venustiano Carranza",1
2,"15390",5,22,"7 de Julio","Venustiano Carranza",1
2,"15400",9,27,"Romero Rubio","Venustiano Carranza",1
2,"15410",2,7,"Simón Bolívar","Venustiano Carranza",1
2,"15420",2,15,"Ampliación Simón Bolívar","Venustiano Carranza",1
2,"15430",6,20,"Aquiles Serdán","Venustiano Carranza",1
2,"15460",3,8,"Revolución","Venustiano Carranza",1
2,"15500",15,57,"Moctezuma 1a Sección","Venustiano Carranza",1
2,"15510",19,47,"Pensador Mexicano","Venustiano Carranza",1
2,"15520",29,71,"Peñón de los Baños","Venustiano Carranza",1
2,"15530",87,205,"Moctezuma 2a Sección","Venustiano Carranza",1
2,"15540",9,34,"Santa Cruz Aviación","Venustiano Carranza",1
2,"15600",1,5,"Arenal 1a Sección","Venustiano Carranza",1
2,"15610",1,3,"Cuchilla Pantitlán","Venustiano Carranza",1
2,"15620",53,157,"México (Lic. Benito Juárez)","Venustiano Carranza",1
2,"15630",1,2,"Caracol","Venustiano Carranza",1
2,"15650",2,5,"Ampliación Caracol","Venustiano Carranza",1
2,"15670",4,15,"Adolfo López Mateos","Venustiano Carranza",1
2,"15700",35,94,"Federal","Venustiano Carranza",1
2,"15710",18,106,"Industrial Puerto Aéreo","Venustiano Carranza",1
2,"15730",5,10,"4 Árboles","Venustiano Carranza",1
2,"15740",11,24,"Aviación Civil","Venustiano Carranza",1
2,"15750",1,1,"Ampliación Aviación Civil","Venustiano Carranza",1
2,"15800",6,16,"Jamaica","Venustiano Carranza",1
2,"15810",26,65,"Merced Balbuena","Venustiano Carranza",1
2,"15820",14,35,"Lorenzo Boturini","Venustiano Carranza",1
2,"15830",7,10,"Artes Gráficas","Venustiano Carranza",1
2,"15840",12,35,"Sevilla","Venustiano Carranza",1
2,"15850",13,46,"Magdalena Mixiuhca","Venustiano Carranza",1
2,"15860",2,5,"Pueblo de La Magdalena Mixiuhca","Venustiano Carranza",1
2,"15900",72,223,"Jardín Balbuena","Venustiano Carranza",1
2,"15950",1,2,"Unidad Kennedy","Venustiano Carranza",1
2,"15960",6,8,"Del Parque","Venustiano Carranza",1
2,"15970",8,13,"Aeronáutica Militar","Venustiano Carranza",1
2,"15980",3,7,"24 de Abril","Venustiano Carranza",1
2,"15990",3,5,"Álvaro Obregón","Venustiano Carranza",1
5,"16000",2,4,"Barrio La Concepción Tlacoapa","Xochimilco",1
5,"16000",0,0,"Barrio San Antonio","Xochimilco",2
5,"16000",0,0,"Barrio San Juan","Xochimilco",3
5,"16010",10,34,"Bosque Residencial del Sur","Xochimilco",1
5,"16010",0,0,"San Bartolo El Chico","Xochimilco",2
5,"16010",0,0,"Paseos del Sur","Xochimilco",3
5,"16010",0,0,"Arcos del Sur","Xochimilco",4
5,"16010",0,0,"Las Peritas","Xochimilco",5
5,"16010",0,0,"Aldama","Xochimilco",6
5,"16020",58,203,"Santa María Tepepan","Xochimilco",1
5,"16020",0,0,"San Juan Tepepan","Xochimilco",2
5,"16029",10,29,"Ampliación Tepepan","Xochimilco",1
5,"16030",11,27,"La Noria","Xochimilco",1
5,"16030",0,0,"Huichapan","Xochimilco",2
5,"16030",0,0,"Ampliación La Noria","Xochimilco",3
5,"16030",0,0,"Potrero de San Bernardino","Xochimilco",4
5,"16034",1,4,"Barrio 18","Xochimilco",1
5,"16035",17,36,"San Lorenzo La Cebada","Xochimilco",1
5,"16035",0,0,"Rinconada Coapa","Xochimilco",2
5,"16038",4,8,"Ampliación San Marcos Norte","Xochimilco",1
5,"16050",14,43,"Jardines del Sur","Xochimilco",1
5,"16050",0,0,"Barrio San Marcos","Xochimilco",2
5,"16050",0,0,"Tierra Nueva","Xochimilco",3
5,"16058",1,1,"Villa Xochimilco","Xochimilco",1
5,"16060",1,1,"El Mirador","Xochimilco",1
5,"16070",6,9,"Barrio Santa Crucita","Xochimilco",1
5,"16070",0,0,"Barrio La Guadalupita","Xochimilco",2
5,"16070",0,0,"Barrio El Rosario","Xochimilco",3
5,"16070",0,0,"Barrio Belén","Xochimilco",4
5,"16080",3,6,"Barrio San Diego","Xochimilco",1
5,"16080",0,0,"Barrio San Esteban","Xochimilco",2
5,"16080",0,0,"Barrio San Cristóbal","Xochimilco",3
5,"16080",0,0,"Barrio La Santísima","Xochimilco",4
5,"16090",18,53,"Caltongo","Xochimilco",1
5,"16090",0,0,"Tablas de San Lorenzo","Xochimilco",2
5,"16090",0,0,"Barrio San Pedro","Xochimilco",3
5,"16090",0,0,"Barrio Xaltocan","Xochimilco",4
5,"16100",3,9,"Santa Cruz Xochitepec","Xochimilco",1
5,"16200",15,27,"Santiago Tepalcatlalpan","Xochimilco",1
5,"16210",2,11,"La Concha","Xochimilco",1
16,"16300",1,1,"San Lucas Xochimanca","Xochimilco",1
5,"16410",1,2,"Lomas de Tonalco","Xochimilco",1
16,"16500",1,1,"Santa Cruz Acalpixca","Xochimilco",1
16,"16600",2,3,"San Gregorio Atlapulco","Xochimilco",1
16,"16710",3,7,"Quirino Mendoza","Xochimilco",1
16,"16720",2,3,"Del Carmen","Xochimilco",1
16,"16739",1,1,"San Isidro","Xochimilco",1
16,"16740",1,2,"Guadalupita","Xochimilco",1
16,"16749",1,10,"Las Animas","Xochimilco",1
16,"16770",1,4,"San Felipe","Xochimilco",1
16,"16780",2,4,"Cerrillos Segunda Sección","Xochimilco",1
16,"16780",0,0,"Cristo Rey","Xochimilco",2
16,"16780",0,0,"Cerrillos Tercera Sección","Xochimilco",3
16,"16780",0,0,"Cerrillos Primera Sección","Xochimilco",4
16,"16780",0,0,"El Sacrificio","Xochimilco",5
16,"16780",0,0,"San Francisco Chiquimola","Xochimilco",6
16,"16797",1,1,"Nativitas","Xochimilco",1
16,"16799",1,1,"Las Mesitas","Xochimilco",1
16,"16800",5,14,"San Mateo Xalpa","Xochimilco",1
16,"16810",2,8,"San Andrés Ahuayucan","Xochimilco",1
16,"16810",0,0,"Cerro Grande","Xochimilco",2
16,"16810",0,0,"El Mirador 2a Sección","Xochimilco",3
16,"16810",0,0,"Rosario Tlali","Xochimilco",4
16,"16810",0,0,"Santa Inés","Xochimilco",5
16,"16810",0,0,"Santa Inés","Xochimilco",6
16,"16810",0,0,"Nueva Tenochtitlán","Xochimilco",7
16,"16850",1,3,"Atocle","Xochimilco",1
16,"16850",0,0,"Barrio Chapultepec","Xochimilco",2
16,"16860",1,1,"Santa Cruz de Guadalupe","Xochimilco",1
16,"16880",2,3,"Santa Cecilia Tepetlapa","Xochimilco",1
16,"16880",0,0,"El Capulín","Xochimilco",2
16,"16880",0,0,"La Herradura Hueytepec","Xochimilco",3
3,"09240",1,2,"Progresista","Iztapalapa",1
